,0
0,https://auto.ru/cars/used/sale/volvo/s40/1101472043-e5b97454/
1,https://auto.ru/cars/used/sale/volvo/s40/1102159907-7d25c65b/
2,https://auto.ru/cars/used/sale/volvo/s40/1102130779-2c397ae1/
3,https://auto.ru/cars/used/sale/volvo/s40/1102161744-ea043085/
4,https://auto.ru/cars/used/sale/volvo/s40/1096970100-ffd80078/
5,https://auto.ru/cars/used/sale/volvo/s40/1102026124-b3cf4978/
6,https://auto.ru/cars/used/sale/volvo/s40/1102086640-19e9f538/
7,https://auto.ru/cars/used/sale/volvo/s40/1102088654-6956b25a/
8,https://auto.ru/cars/used/sale/volvo/s40/1084477793-7020bad4/
9,https://auto.ru/cars/used/sale/volvo/s40/1101808420-da6e40b9/
10,https://auto.ru/cars/used/sale/volvo/s40/1096097288-8de497c4/
11,https://auto.ru/cars/used/sale/volvo/s40/1101399290-19e09723/
12,https://auto.ru/cars/used/sale/volvo/s40/1101335052-dfd76902/
13,https://auto.ru/cars/used/sale/volvo/s40/1101839372-a7bd32ed/
14,https://auto.ru/cars/used/sale/volvo/s40/1099247840-7e251ae2/
15,https://auto.ru/cars/used/sale/volvo/s40/1088523738-ccba1d70/
16,https://auto.ru/cars/used/sale/volvo/s40/1102098066-e458d66b/
17,https://auto.ru/cars/used/sale/volvo/s40/1102085326-7e7a1d40/
18,https://auto.ru/cars/used/sale/volvo/s40/1101850997-9947b9c7/
19,https://auto.ru/cars/used/sale/volvo/s40/1101850644-8278a0ed/
20,https://auto.ru/cars/used/sale/volvo/s40/1101756421-e5d3de99/
21,https://auto.ru/cars/used/sale/volvo/s40/1095224908-c77ee008/
22,https://auto.ru/cars/used/sale/volvo/s40/1102114148-2370baef/
23,https://auto.ru/cars/used/sale/volvo/s40/1101929210-a746151c/
24,https://auto.ru/cars/used/sale/volvo/s40/1089634981-2a53a3ab/
25,https://auto.ru/cars/used/sale/volvo/s40/1101847042-27222e3b/
26,https://auto.ru/cars/used/sale/volvo/s40/1096236790-32cd2fd8/
27,https://auto.ru/cars/used/sale/volvo/s40/1092903658-1d8efd86/
28,https://auto.ru/cars/used/sale/volvo/s40/1101857657-30efa225/
29,https://auto.ru/cars/used/sale/volvo/s40/1101583535-608bc3cf/
30,https://auto.ru/cars/used/sale/volvo/s40/1093076968-fdd6dc7f/
31,https://auto.ru/cars/used/sale/volvo/s40/1101736552-5a2f9561/
32,https://auto.ru/cars/used/sale/volvo/s40/1090545138-36cdb9f3/
33,https://auto.ru/cars/used/sale/volvo/s40/1101702261-c496fcc3/
34,https://auto.ru/cars/used/sale/volvo/s40/1102079033-3ba3e85e/
35,https://auto.ru/cars/used/sale/volvo/s40/1098800218-71c144b3/
36,https://auto.ru/cars/used/sale/volvo/s40/1101463202-fbcb8f91/
37,https://auto.ru/cars/used/sale/volvo/s40/1100063820-4b4387c3/
38,https://auto.ru/cars/used/sale/volvo/s40/1101437358-63bed3ac/
39,https://auto.ru/cars/used/sale/volvo/s40/1076203849-3110a3/
40,https://auto.ru/cars/used/sale/volvo/s40/1095189856-1084da05/
41,https://auto.ru/cars/used/sale/volvo/s40/1101958814-406fb03f/
42,https://auto.ru/cars/used/sale/volvo/s40/1096969002-acc64a19/
43,https://auto.ru/cars/used/sale/volvo/s40/1101872030-ff9861b5/
44,https://auto.ru/cars/used/sale/volvo/s40/1101962170-9eefb48c/
45,https://auto.ru/cars/used/sale/volvo/s40/1094125918-36211fb1/
46,https://auto.ru/cars/used/sale/volvo/s40/1101741124-077ccbb8/
47,https://auto.ru/cars/used/sale/volvo/s40/1102153691-d406d34e/
48,https://auto.ru/cars/used/sale/volvo/s40/1101984511-a084fcf4/
49,https://auto.ru/cars/used/sale/volvo/s40/1099737522-02dbfdb9/
50,https://auto.ru/cars/used/sale/volvo/s40/1102136760-529df6da/
51,https://auto.ru/cars/used/sale/volvo/s40/1102071511-ab3f1e97/
52,https://auto.ru/cars/used/sale/volvo/s40/1101491247-6a129865/
53,https://auto.ru/cars/used/sale/volvo/s40/1101817953-871f97d3/
54,https://auto.ru/cars/used/sale/volvo/s40/1099332618-6fc6098f/
55,https://auto.ru/cars/used/sale/volvo/s40/1101124376-53a89718/
56,https://auto.ru/cars/used/sale/volvo/s40/1097157870-1d8a9623/
57,https://auto.ru/cars/used/sale/volvo/s40/1101908192-7cdaaab8/
58,https://auto.ru/cars/used/sale/volvo/s40/1101325736-20555fb7/
59,https://auto.ru/cars/used/sale/volvo/s40/1096654138-2f0d044a/
60,https://auto.ru/cars/used/sale/volvo/s40/1101763400-d860803a/
61,https://auto.ru/cars/used/sale/volvo/s40/1091859498-45a26e9e/
62,https://auto.ru/cars/used/sale/volvo/s40/1101772031-dbdc7bf2/
63,https://auto.ru/cars/used/sale/volvo/s40/1097029986-7c883642/
64,https://auto.ru/cars/used/sale/volvo/s40/1081067916-0371ef/
65,https://auto.ru/cars/used/sale/volvo/s40/1101807303-c20f9a59/
66,https://auto.ru/cars/used/sale/volvo/s40/1102115023-e00d8263/
67,https://auto.ru/cars/used/sale/volvo/s40/1101703716-3f1df4bc/
68,https://auto.ru/cars/used/sale/volvo/s40/1101082650-2840f636/
69,https://auto.ru/cars/used/sale/volvo/s40/1096022686-65d15f98/
70,https://auto.ru/cars/used/sale/volvo/s40/1101822138-d9925e10/
71,https://auto.ru/cars/used/sale/volvo/s40/1096650062-eab5ecc2/
72,https://auto.ru/cars/used/sale/volvo/s40/1096909848-c8f85c0e/
73,https://auto.ru/cars/used/sale/volvo/s40/1098394024-793bdf86/
74,https://auto.ru/cars/used/sale/volvo/s60/1102024818-c77f3c0f/
75,https://auto.ru/cars/used/sale/volvo/s60/1102031592-c4876f94/
76,https://auto.ru/cars/used/sale/volvo/s60/1102161861-3bacc8f7/
77,https://auto.ru/cars/used/sale/volvo/s60/1101731299-87b96c1f/
78,https://auto.ru/cars/used/sale/volvo/s60/1102143871-83afae58/
79,https://auto.ru/cars/used/sale/volvo/s60/1102163309-3a6bd7e6/
80,https://auto.ru/cars/used/sale/volvo/s60/1101843519-3df7f226/
81,https://auto.ru/cars/used/sale/volvo/s60/1102138775-5d37cf31/
82,https://auto.ru/cars/used/sale/volvo/s60/1102130598-3631d993/
83,https://auto.ru/cars/used/sale/volvo/s60/1102130143-aff3c405/
84,https://auto.ru/cars/used/sale/volvo/s60/1101752427-4e2dffdb/
85,https://auto.ru/cars/used/sale/volvo/s60/1102056773-b41394f0/
86,https://auto.ru/cars/used/sale/volvo/s60/1102160001-6982e9d4/
87,https://auto.ru/cars/used/sale/volvo/s60/1102128333-aa65ec79/
88,https://auto.ru/cars/used/sale/volvo/s60/1101693885-6488e85e/
89,https://auto.ru/cars/used/sale/volvo/s60/1102158143-066b5f81/
90,https://auto.ru/cars/used/sale/volvo/s60/1101843766-5a7dcd19/
91,https://auto.ru/cars/used/sale/volvo/s60/1102099642-8d8db2d2/
92,https://auto.ru/cars/used/sale/volvo/s60/1101907354-58870a6a/
93,https://auto.ru/cars/used/sale/volvo/s60/1102100269-2d141460/
94,https://auto.ru/cars/used/sale/volvo/s60/1101834719-03d884a8/
95,https://auto.ru/cars/used/sale/volvo/s60/1102116434-675ad857/
96,https://auto.ru/cars/used/sale/volvo/s60/1102072346-a1fde713/
97,https://auto.ru/cars/used/sale/volvo/s60/1102073572-8440f7ac/
98,https://auto.ru/cars/used/sale/volvo/s60/1102074997-3a1d531e/
99,https://auto.ru/cars/used/sale/volvo/s60/1102061948-1b9079bf/
100,https://auto.ru/cars/used/sale/volvo/s60/1102061945-37fbe263/
101,https://auto.ru/cars/used/sale/volvo/s60/1102062090-4f523b8e/
102,https://auto.ru/cars/used/sale/volvo/s60/1102115962-0c6cc077/
103,https://auto.ru/cars/used/sale/volvo/s60/1102153198-72ce9a4c/
104,https://auto.ru/cars/used/sale/volvo/s60/1102044545-46fd3dc6/
105,https://auto.ru/cars/used/sale/volvo/s60/1102035413-aa1df1ee/
106,https://auto.ru/cars/used/sale/volvo/s60/1101728247-5e582b85/
107,https://auto.ru/cars/used/sale/volvo/s60/1101946427-bd4a2da0/
108,https://auto.ru/cars/used/sale/volvo/s60/1102147883-3df7b95b/
109,https://auto.ru/cars/used/sale/volvo/s60/1101935901-acc98944/
110,https://auto.ru/cars/used/sale/volvo/s60/1100985046-631d6658/
111,https://auto.ru/cars/used/sale/volvo/s60/1102108468-fccb0e02/
112,https://auto.ru/cars/used/sale/volvo/s60/1102108468-fccb0e02/
113,https://auto.ru/cars/used/sale/volvo/s60/1097087752-efa49cfe/
114,https://auto.ru/cars/used/sale/volvo/s60/1101944760-fa7e517d/
115,https://auto.ru/cars/used/sale/volvo/s60/1101956519-54044d31/
116,https://auto.ru/cars/used/sale/volvo/s60/1096499684-d576eb9a/
117,https://auto.ru/cars/used/sale/volvo/s60/1100619898-6c36ca7e/
118,https://auto.ru/cars/used/sale/volvo/s60/1091702250-2397a929/
119,https://auto.ru/cars/used/sale/volvo/s60/1099143488-f11889ea/
120,https://auto.ru/cars/used/sale/volvo/s60/1101627027-c9918649/
121,https://auto.ru/cars/used/sale/volvo/s60/1101528172-918477b8/
122,https://auto.ru/cars/used/sale/volvo/s60/1102122850-84ccdae8/
123,https://auto.ru/cars/used/sale/volvo/s60/1101840204-fa109595/
124,https://auto.ru/cars/used/sale/volvo/s60/1102094533-98375bc5/
125,https://auto.ru/cars/used/sale/volvo/s60/1096736360-2b11f77c/
126,https://auto.ru/cars/used/sale/volvo/s60/1099332484-ef79d8eb/
127,https://auto.ru/cars/used/sale/volvo/s60/1099356688-25f45cb1/
128,https://auto.ru/cars/used/sale/volvo/s60/1102132948-2559a84a/
129,https://auto.ru/cars/used/sale/volvo/s60/1101507143-d22ab500/
130,https://auto.ru/cars/used/sale/volvo/s60/1102127640-c90bcbed/
131,https://auto.ru/cars/used/sale/volvo/s60/1101940560-84e6eb61/
132,https://auto.ru/cars/used/sale/volvo/s60/1101459064-6cde309e/
133,https://auto.ru/cars/used/sale/volvo/s60/1102142421-8a9677af/
134,https://auto.ru/cars/used/sale/volvo/s60/1096532864-0bfdf60f/
135,https://auto.ru/cars/used/sale/volvo/s60/1101917273-716fea63/
136,https://auto.ru/cars/used/sale/volvo/s60/1100854308-8b1f9e7d/
137,https://auto.ru/cars/used/sale/volvo/s60/1101833395-973cb859/
138,https://auto.ru/cars/used/sale/volvo/s60/1102083583-3fa6a652/
139,https://auto.ru/cars/used/sale/volvo/s60/1091377118-88e40f33/
140,https://auto.ru/cars/used/sale/volvo/s60/1102119804-09da5665/
141,https://auto.ru/cars/used/sale/volvo/s60/1102130608-b184bab5/
142,https://auto.ru/cars/used/sale/volvo/s60/1093971774-8b2017db/
143,https://auto.ru/cars/used/sale/volvo/s60/1101794666-46dea0c7/
144,https://auto.ru/cars/used/sale/volvo/s60/1100963416-5c504605/
145,https://auto.ru/cars/used/sale/volvo/s60/1101867568-5a00e7f0/
146,https://auto.ru/cars/used/sale/volvo/s60/1096482418-5ed24090/
147,https://auto.ru/cars/used/sale/volvo/s60/1101804467-cea5a583/
148,https://auto.ru/cars/used/sale/volvo/s60/1099623790-2f1c369d/
149,https://auto.ru/cars/used/sale/volvo/s60/1101810614-61520e81/
150,https://auto.ru/cars/used/sale/volvo/s60/1101928873-a52857b6/
151,https://auto.ru/cars/used/sale/volvo/s60/1101841743-1c235abf/
152,https://auto.ru/cars/used/sale/volvo/s60/1101499368-ca6b06e5/
153,https://auto.ru/cars/used/sale/volvo/s60/1096113442-2006ba93/
154,https://auto.ru/cars/used/sale/volvo/s60/1101868634-66a9d2c7/
155,https://auto.ru/cars/used/sale/volvo/s60/1096225660-76cc1806/
156,https://auto.ru/cars/used/sale/volvo/s60/1100234134-39548ab9/
157,https://auto.ru/cars/used/sale/volvo/s60/1092402684-03c96468/
158,https://auto.ru/cars/used/sale/volvo/s60/1101294973-127df783/
159,https://auto.ru/cars/used/sale/volvo/s60/1102038773-6239201b/
160,https://auto.ru/cars/used/sale/volvo/s60/1101159345-a17ea250/
161,https://auto.ru/cars/used/sale/volvo/s60/1101226713-1ae49b2a/
162,https://auto.ru/cars/used/sale/volvo/s60/1102001676-969600a2/
163,https://auto.ru/cars/used/sale/volvo/s60/1101908534-7205ba58/
164,https://auto.ru/cars/used/sale/volvo/s60/1102101234-86655214/
165,https://auto.ru/cars/used/sale/volvo/s60/1084477527-7bf9d0f4/
166,https://auto.ru/cars/used/sale/volvo/s60/1100852444-5312539f/
167,https://auto.ru/cars/used/sale/volvo/s60/1101519168-5f577e98/
168,https://auto.ru/cars/used/sale/volvo/s60/1094022836-27c5a46c/
169,https://auto.ru/cars/used/sale/volvo/s60/1101397038-0bb4b678/
170,https://auto.ru/cars/used/sale/volvo/s60/1102003814-58ffd987/
171,https://auto.ru/cars/used/sale/volvo/s60/1101567742-2b189c08/
172,https://auto.ru/cars/used/sale/volvo/s60/1102051082-b92bee14/
173,https://auto.ru/cars/used/sale/volvo/s60/1102083238-5648e2e7/
174,https://auto.ru/cars/used/sale/volvo/s60/1102029601-089e0204/
175,https://auto.ru/cars/used/sale/volvo/s60/1102123659-48b01258/
176,https://auto.ru/cars/used/sale/volvo/s60/1102025836-7ef2687e/
177,https://auto.ru/cars/used/sale/volvo/s60/1098574302-bc5c9840/
178,https://auto.ru/cars/used/sale/volvo/s60/1101816271-20140ccf/
179,https://auto.ru/cars/used/sale/volvo/s60/1101894674-591848c8/
180,https://auto.ru/cars/used/sale/volvo/s60/1102091411-08855468/
181,https://auto.ru/cars/used/sale/volvo/s60/1102026793-848051d5/
182,https://auto.ru/cars/used/sale/volvo/s60/1101300177-d192dba8/
183,https://auto.ru/cars/used/sale/volvo/s60/1091438646-f04e39ca/
184,https://auto.ru/cars/used/sale/volvo/s60/1082916604-10f99/
185,https://auto.ru/cars/used/sale/volvo/s60/1101842046-896810d2/
186,https://auto.ru/cars/used/sale/volvo/s80/1102115776-65af1679/
187,https://auto.ru/cars/used/sale/volvo/s80/1101857378-48a560c5/
188,https://auto.ru/cars/used/sale/volvo/s80/1101469876-379b3d00/
189,https://auto.ru/cars/used/sale/volvo/s80/1102130706-582d80a3/
190,https://auto.ru/cars/used/sale/volvo/s80/1102049457-b6a9e0eb/
191,https://auto.ru/cars/used/sale/volvo/s80/1101763011-f8cb965f/
192,https://auto.ru/cars/used/sale/volvo/s80/1102114086-75a3020e/
193,https://auto.ru/cars/used/sale/volvo/s80/1101888895-ea2afac3/
194,https://auto.ru/cars/used/sale/volvo/s80/1101345022-3e0e4f8c/
195,https://auto.ru/cars/used/sale/volvo/s80/1102062894-7dbe7ef0/
196,https://auto.ru/cars/used/sale/volvo/s80/1102034732-bd83fada/
197,https://auto.ru/cars/used/sale/volvo/s80/1102000456-065b93f2/
198,https://auto.ru/cars/used/sale/volvo/s80/1101960004-7c45331c/
199,https://auto.ru/cars/used/sale/volvo/s80/1102006767-473fc0f5/
200,https://auto.ru/cars/used/sale/volvo/s80/1101439617-f78baa7e/
201,https://auto.ru/cars/used/sale/volvo/s80/1102114410-25e83d05/
202,https://auto.ru/cars/used/sale/volvo/s80/1100887220-88ba4d69/
203,https://auto.ru/cars/used/sale/volvo/s80/1101704666-90d99978/
204,https://auto.ru/cars/used/sale/volvo/s80/1101980588-ff582115/
205,https://auto.ru/cars/used/sale/volvo/s80/1100505826-96d3fe10/
206,https://auto.ru/cars/used/sale/volvo/s80/1101792401-72d8db03/
207,https://auto.ru/cars/used/sale/volvo/s80/1101089913-526c9026/
208,https://auto.ru/cars/used/sale/volvo/s80/1090191252-44c05a05/
209,https://auto.ru/cars/used/sale/volvo/s80/1043052112-006df/
210,https://auto.ru/cars/used/sale/volvo/s80/1101845133-23e15ee1/
211,https://auto.ru/cars/used/sale/volvo/s80/1098691616-eb52b7a4/
212,https://auto.ru/cars/used/sale/volvo/s80/1090117860-c4b352ec/
213,https://auto.ru/cars/used/sale/volvo/s80/1098971556-05d60a08/
214,https://auto.ru/cars/used/sale/volvo/s80/1101899236-de44772d/
215,https://auto.ru/cars/used/sale/volvo/s80/1101568355-753c3356/
216,https://auto.ru/cars/used/sale/volvo/s80/1034827895-08f41/
217,https://auto.ru/cars/used/sale/volvo/s80/1101196978-73dfbd8d/
218,https://auto.ru/cars/used/sale/volvo/s80/1097380492-8c1b4c16/
219,https://auto.ru/cars/used/sale/volvo/s80/1101854652-7d2c0234/
220,https://auto.ru/cars/used/sale/volvo/s80/1101569560-878882f7/
221,https://auto.ru/cars/used/sale/volvo/s80/1099471906-b02bb81f/
222,https://auto.ru/cars/used/sale/volvo/s80/1085301472-85c0741e/
223,https://auto.ru/cars/used/sale/volvo/s80/1085301472-85c0741e/
224,https://auto.ru/cars/used/sale/volvo/s80/1101798247-3040bdbe/
225,https://auto.ru/cars/used/sale/volvo/s80/1101586770-b0afb9be/
226,https://auto.ru/cars/used/sale/volvo/s80/1102119724-243c58ea/
227,https://auto.ru/cars/used/sale/volvo/s80/1101903998-cefa353f/
228,https://auto.ru/cars/used/sale/volvo/s80/1101668465-39ccaffd/
229,https://auto.ru/cars/used/sale/volvo/s80/1101583443-4de1ad2a/
230,https://auto.ru/cars/used/sale/volvo/s80/1101964608-e5cd4e45/
231,https://auto.ru/cars/used/sale/volvo/s80/1098772460-419831ff/
232,https://auto.ru/cars/used/sale/volvo/s80/1099845958-6cd911e1/
233,https://auto.ru/cars/used/sale/volvo/s80/1086800878-b0a2bd26/
234,https://auto.ru/cars/used/sale/volvo/s80/1101160308-e8302c19/
235,https://auto.ru/cars/used/sale/volvo/s80/1078086907-79b76e0a/
236,https://auto.ru/cars/used/sale/volvo/s80/1102004744-90528fe4/
237,https://auto.ru/cars/used/sale/volvo/s80/1101433641-e6c67980/
238,https://auto.ru/cars/used/sale/volvo/s80/1087253742-a8267943/
239,https://auto.ru/cars/used/sale/volvo/s80/1098874040-8f5d90e7/
240,https://auto.ru/cars/used/sale/volvo/s80/1101827673-99599143/
241,https://auto.ru/cars/used/sale/volvo/s80/1085796672-9e24a6c7/
242,https://auto.ru/cars/used/sale/volvo/s80/1099904248-9f7cffc4/
243,https://auto.ru/cars/used/sale/volvo/s80/1101528519-4a6e3a37/
244,https://auto.ru/cars/used/sale/volvo/s80/1100094424-7bca6619/
245,https://auto.ru/cars/used/sale/volvo/s80/1101385325-569e3b6e/
246,https://auto.ru/cars/used/sale/volvo/s80/1101667999-263cc962/
247,https://auto.ru/cars/used/sale/volvo/s80/1101581159-1bbc776a/
248,https://auto.ru/cars/used/sale/volvo/s80/1101518211-cb894d2e/
249,https://auto.ru/cars/used/sale/volvo/s80/1098468968-b93eaaff/
250,https://auto.ru/cars/used/sale/volvo/s80/1099970278-5221a6ad/
251,https://auto.ru/cars/used/sale/volvo/s80/1100061634-7d2ef083/
252,https://auto.ru/cars/used/sale/volvo/s80/1085523698-26118c3f/
253,https://auto.ru/cars/used/sale/volvo/s80/1101424298-c0adb381/
254,https://auto.ru/cars/used/sale/volvo/s80/1065969194-e3143c/
255,https://auto.ru/cars/used/sale/volvo/s80/1101997273-b8c77274/
256,https://auto.ru/cars/used/sale/volvo/s80/1091955064-3e4f35d8/
257,https://auto.ru/cars/used/sale/volvo/s80/1091104022-c01569b5/
258,https://auto.ru/cars/used/sale/volvo/s80/1087336082-64694df9/
259,https://auto.ru/cars/used/sale/volvo/s80/1102157489-56b88f1d/
260,https://auto.ru/cars/used/sale/volvo/xc60/1102072139-5f6e33c9/
261,https://auto.ru/cars/used/sale/volvo/xc60/1101660196-a4e5e4d3/
262,https://auto.ru/cars/used/sale/volvo/xc60/1102022444-e0e840e6/
263,https://auto.ru/cars/used/sale/volvo/xc60/1102138531-8621e211/
264,https://auto.ru/cars/used/sale/volvo/xc60/1101434653-a61e81b9/
265,https://auto.ru/cars/used/sale/volvo/xc60/1101601691-588dc5e8/
266,https://auto.ru/cars/used/sale/volvo/xc60/1096719574-bb5e1469/
267,https://auto.ru/cars/used/sale/volvo/xc60/1102160138-28e2f767/
268,https://auto.ru/cars/used/sale/volvo/xc60/1101821345-a5db144e/
269,https://auto.ru/cars/used/sale/volvo/xc60/1101616966-6d4dad6d/
270,https://auto.ru/cars/used/sale/volvo/xc60/1102103618-a54f4b93/
271,https://auto.ru/cars/used/sale/volvo/xc60/1101898155-845b10d1/
272,https://auto.ru/cars/used/sale/volvo/xc60/1101547342-920a2ea8/
273,https://auto.ru/cars/used/sale/volvo/xc60/1102162337-54bf910a/
274,https://auto.ru/cars/used/sale/volvo/xc60/1101980084-23b5228b/
275,https://auto.ru/cars/used/sale/volvo/xc60/1102143484-d520d804/
276,https://auto.ru/cars/used/sale/volvo/xc60/1102087431-eb161cff/
277,https://auto.ru/cars/used/sale/volvo/xc60/1101777589-dcc71712/
278,https://auto.ru/cars/used/sale/volvo/xc60/1102130855-25a15bd0/
279,https://auto.ru/cars/used/sale/volvo/xc60/1102124634-777ea484/
280,https://auto.ru/cars/used/sale/volvo/xc60/1102088402-5867bc1c/
281,https://auto.ru/cars/used/sale/volvo/xc60/1102036888-d654a68b/
282,https://auto.ru/cars/used/sale/volvo/xc60/1101743637-98595f80/
283,https://auto.ru/cars/used/sale/volvo/xc60/1101508010-a5ffe5e5/
284,https://auto.ru/cars/used/sale/volvo/xc60/1101025580-e70d8e97/
285,https://auto.ru/cars/used/sale/volvo/xc60/1100909228-9cef42e8/
286,https://auto.ru/cars/used/sale/volvo/xc60/1101816167-9a6acd18/
287,https://auto.ru/cars/used/sale/volvo/xc60/1102120408-630dd2a9/
288,https://auto.ru/cars/used/sale/volvo/xc60/1102124635-c7402a84/
289,https://auto.ru/cars/used/sale/volvo/xc60/1102121318-4f12534b/
290,https://auto.ru/cars/used/sale/volvo/xc60/1101215333-ca7f66e6/
291,https://auto.ru/cars/used/sale/volvo/xc60/1101743633-8f47a3f3/
292,https://auto.ru/cars/used/sale/volvo/xc60/1101646696-1fe4d62a/
293,https://auto.ru/cars/used/sale/volvo/xc60/1101826154-b7d793c1/
294,https://auto.ru/cars/used/sale/volvo/xc60/1101592120-d72f65c1/
295,https://auto.ru/cars/used/sale/volvo/xc60/1102107753-093d742c/
296,https://auto.ru/cars/used/sale/volvo/xc60/1102106763-e9ca879b/
297,https://auto.ru/cars/used/sale/volvo/xc60/1102107753-093d742c/
298,https://auto.ru/cars/used/sale/volvo/xc60/1102106763-e9ca879b/
299,https://auto.ru/cars/used/sale/volvo/xc60/1101179452-0334c1ac/
300,https://auto.ru/cars/used/sale/volvo/xc60/1102022444-e0e840e6/
301,https://auto.ru/cars/used/sale/volvo/xc60/1102107524-b808021d/
302,https://auto.ru/cars/used/sale/volvo/xc60/1102091507-d8be8ffe/
303,https://auto.ru/cars/used/sale/volvo/xc60/1102103463-5d5a30df/
304,https://auto.ru/cars/used/sale/volvo/xc60/1101535075-e936e592/
305,https://auto.ru/cars/used/sale/volvo/xc60/1102086907-bb13ee51/
306,https://auto.ru/cars/used/sale/volvo/xc60/1102079834-8c28f64c/
307,https://auto.ru/cars/used/sale/volvo/xc60/1102067466-1aafb813/
308,https://auto.ru/cars/used/sale/volvo/xc60/1102071798-b6fe9cb4/
309,https://auto.ru/cars/used/sale/volvo/xc60/1102062638-0feca122/
310,https://auto.ru/cars/used/sale/volvo/xc60/1102062646-7b71d9b3/
311,https://auto.ru/cars/used/sale/volvo/xc60/1102061991-f0a3dde2/
312,https://auto.ru/cars/used/sale/volvo/xc60/1101977949-95749751/
313,https://auto.ru/cars/used/sale/volvo/xc60/1102051874-9edc1141/
314,https://auto.ru/cars/used/sale/volvo/xc60/1102053247-511ee9b8/
315,https://auto.ru/cars/used/sale/volvo/xc60/1102056618-d0346c20/
316,https://auto.ru/cars/used/sale/volvo/xc60/1102062641-f879b958/
317,https://auto.ru/cars/used/sale/volvo/xc60/1102060565-7e76baac/
318,https://auto.ru/cars/used/sale/volvo/xc60/1102106367-1aaa912e/
319,https://auto.ru/cars/used/sale/volvo/xc60/1102150613-2fd0afe6/
320,https://auto.ru/cars/used/sale/volvo/xc60/1102086318-0d0497fd/
321,https://auto.ru/cars/used/sale/volvo/xc60/1102150093-ac12dc68/
322,https://auto.ru/cars/used/sale/volvo/xc60/1101732313-b73ddaf8/
323,https://auto.ru/cars/used/sale/volvo/xc60/1102146456-0a42a101/
324,https://auto.ru/cars/used/sale/volvo/xc60/1102145058-c1cf2f73/
325,https://auto.ru/cars/used/sale/volvo/xc60/1102008799-083f6ced/
326,https://auto.ru/cars/used/sale/volvo/xc60/1101961420-1946ef18/
327,https://auto.ru/cars/used/sale/volvo/xc60/1101304476-8c6b5535/
328,https://auto.ru/cars/used/sale/volvo/xc60/1101998310-cdc18024/
329,https://auto.ru/cars/used/sale/volvo/xc60/1102001886-b00aea79/
330,https://auto.ru/cars/used/sale/volvo/xc60/1101816048-7ea3c001/
331,https://auto.ru/cars/used/sale/volvo/xc60/1102137796-436b108f/
332,https://auto.ru/cars/used/sale/volvo/xc60/1101682238-6b47d36f/
333,https://auto.ru/cars/used/sale/volvo/xc60/1102089506-40504c12/
334,https://auto.ru/cars/used/sale/volvo/xc60/1101797655-6261d4ce/
335,https://auto.ru/cars/used/sale/volvo/xc60/1101864290-7e5906fb/
336,https://auto.ru/cars/used/sale/volvo/xc60/1102027855-4ef21b15/
337,https://auto.ru/cars/used/sale/volvo/xc60/1102001890-1417c1eb/
338,https://auto.ru/cars/used/sale/volvo/xc60/1101774317-f444022e/
339,https://auto.ru/cars/used/sale/volvo/xc60/1101982905-c9aab900/
340,https://auto.ru/cars/used/sale/volvo/xc60/1101942185-cb48265e/
341,https://auto.ru/cars/used/sale/volvo/xc60/1101612739-20ae1f2b/
342,https://auto.ru/cars/used/sale/volvo/xc60/1101827672-d2baf427/
343,https://auto.ru/cars/used/sale/volvo/xc60/1099541696-39484b1f/
344,https://auto.ru/cars/used/sale/volvo/xc60/1101655966-049cf9f0/
345,https://auto.ru/cars/used/sale/volvo/xc60/1101894633-70c4b10c/
346,https://auto.ru/cars/used/sale/volvo/xc60/1101959723-e931699e/
347,https://auto.ru/cars/used/sale/volvo/xc60/1101884419-c56d0ca1/
348,https://auto.ru/cars/used/sale/volvo/xc60/1101862732-fcc94d18/
349,https://auto.ru/cars/used/sale/volvo/xc60/1101799484-242d7eb2/
350,https://auto.ru/cars/used/sale/volvo/xc60/1101962192-af3f4e66/
351,https://auto.ru/cars/used/sale/volvo/xc60/1092645058-7b6a160f/
352,https://auto.ru/cars/used/sale/volvo/xc60/1099313264-e0ef898c/
353,https://auto.ru/cars/used/sale/volvo/xc60/1101746625-b4575c5a/
354,https://auto.ru/cars/used/sale/volvo/xc60/1101791336-15c78a1f/
355,https://auto.ru/cars/used/sale/volvo/xc60/1101612491-8cb7bae0/
356,https://auto.ru/cars/used/sale/volvo/xc60/1099957236-b0436a85/
357,https://auto.ru/cars/used/sale/volvo/xc60/1101659032-866a32dd/
358,https://auto.ru/cars/used/sale/volvo/xc60/1101901372-76885769/
359,https://auto.ru/cars/used/sale/volvo/xc60/1101729526-588cdc45/
360,https://auto.ru/cars/used/sale/volvo/xc60/1100228140-e69dbad7/
361,https://auto.ru/cars/used/sale/volvo/xc60/1101895006-ae61d0e5/
362,https://auto.ru/cars/used/sale/volvo/xc60/1102081795-78af5cd9/
363,https://auto.ru/cars/used/sale/volvo/xc60/1101884047-fb6f23ed/
364,https://auto.ru/cars/used/sale/volvo/xc60/1090932288-e7141e85/
365,https://auto.ru/cars/used/sale/volvo/xc60/1101776399-41b0d965/
366,https://auto.ru/cars/used/sale/volvo/xc60/1101851117-1ebf04b7/
367,https://auto.ru/cars/used/sale/volvo/xc60/1100794416-cbe70104/
368,https://auto.ru/cars/used/sale/volvo/xc60/1101651710-bceb6169/
369,https://auto.ru/cars/used/sale/volvo/xc60/1101840862-62ded171/
370,https://auto.ru/cars/used/sale/volvo/xc60/1101734539-8d803223/
371,https://auto.ru/cars/used/sale/volvo/xc60/1101624380-7c71075b/
372,https://auto.ru/cars/used/sale/volvo/xc60/1101261057-bc347bf6/
373,https://auto.ru/cars/used/sale/volvo/xc60/1101416474-32ec455a/
374,https://auto.ru/cars/used/sale/volvo/xc60/1100667240-bf67bda0/
375,https://auto.ru/cars/used/sale/volvo/xc60/1101965202-0bb29a1b/
376,https://auto.ru/cars/used/sale/volvo/xc60/1102062821-16df7107/
377,https://auto.ru/cars/used/sale/volvo/xc60/1099375832-d81456d0/
378,https://auto.ru/cars/used/sale/volvo/xc60/1101806235-efd18a5c/
379,https://auto.ru/cars/used/sale/volvo/xc60/1101511757-02927cf0/
380,https://auto.ru/cars/used/sale/volvo/xc60/1091355600-3e1e7a00/
381,https://auto.ru/cars/used/sale/volvo/xc60/1095715270-7f70b083/
382,https://auto.ru/cars/used/sale/volvo/xc60/1101995081-436a2155/
383,https://auto.ru/cars/used/sale/volvo/xc60/1102109908-ac1997a0/
384,https://auto.ru/cars/used/sale/volvo/xc60/1101813849-32f0dc17/
385,https://auto.ru/cars/used/sale/volvo/xc60/1101928806-3d96d2a6/
386,https://auto.ru/cars/used/sale/volvo/xc60/1101461674-83c9ae7e/
387,https://auto.ru/cars/used/sale/volvo/xc60/1101392487-c70d3c54/
388,https://auto.ru/cars/used/sale/volvo/xc60/1101645791-4f907ed1/
389,https://auto.ru/cars/used/sale/volvo/xc60/1102090905-51d39092/
390,https://auto.ru/cars/used/sale/volvo/xc60/1096720684-7ee74f99/
391,https://auto.ru/cars/used/sale/volvo/xc60/1102146362-45101442/
392,https://auto.ru/cars/used/sale/volvo/xc60/1101925954-fcf131a2/
393,https://auto.ru/cars/used/sale/volvo/xc60/1094797176-fc181207/
394,https://auto.ru/cars/used/sale/volvo/xc60/1102068489-a9a3543d/
395,https://auto.ru/cars/used/sale/volvo/xc60/1102152758-86393557/
396,https://auto.ru/cars/used/sale/volvo/xc60/1102092102-813aa4c2/
397,https://auto.ru/cars/used/sale/volvo/xc60/1102147960-6309354a/
398,https://auto.ru/cars/used/sale/volvo/xc60/1102043072-895fb23c/
399,https://auto.ru/cars/used/sale/volvo/xc60/1101876800-bbf9b65a/
400,https://auto.ru/cars/used/sale/volvo/xc60/1101919311-7ac14065/
401,https://auto.ru/cars/used/sale/volvo/xc60/1092128040-7fbae055/
402,https://auto.ru/cars/used/sale/volvo/xc60/1101188161-9350dc58/
403,https://auto.ru/cars/used/sale/volvo/xc60/1101964377-0e11184d/
404,https://auto.ru/cars/used/sale/volvo/xc60/1102068895-03f11903/
405,https://auto.ru/cars/used/sale/volvo/xc60/1101934904-9b1f77f3/
406,https://auto.ru/cars/used/sale/volvo/xc60/1102112596-1a3c7a6c/
407,https://auto.ru/cars/used/sale/volvo/xc60/1101586616-e5da050f/
408,https://auto.ru/cars/used/sale/volvo/xc70/1102085816-5eeccf13/
409,https://auto.ru/cars/used/sale/volvo/xc70/1102106824-e07ca0fd/
410,https://auto.ru/cars/used/sale/volvo/xc70/1102081216-730c78b1/
411,https://auto.ru/cars/used/sale/volvo/xc70/1102074569-c9629b15/
412,https://auto.ru/cars/used/sale/volvo/xc70/1101996542-f784654c/
413,https://auto.ru/cars/used/sale/volvo/xc70/1102150208-0b4632b6/
414,https://auto.ru/cars/used/sale/volvo/xc70/1102160132-0222f1cf/
415,https://auto.ru/cars/used/sale/volvo/xc70/1102101155-10a67f98/
416,https://auto.ru/cars/used/sale/volvo/xc70/1102013518-aec55a93/
417,https://auto.ru/cars/used/sale/volvo/xc70/1101801422-2cb9bf0f/
418,https://auto.ru/cars/used/sale/volvo/xc70/1102029888-d24e80b3/
419,https://auto.ru/cars/used/sale/volvo/xc70/1097906826-7082cfb3/
420,https://auto.ru/cars/used/sale/volvo/xc70/1101951190-d2bb573e/
421,https://auto.ru/cars/used/sale/volvo/xc70/1102161999-4fd56c2c/
422,https://auto.ru/cars/used/sale/volvo/xc70/1101861904-6944aa6b/
423,https://auto.ru/cars/used/sale/volvo/xc70/1102075014-37183075/
424,https://auto.ru/cars/used/sale/volvo/xc70/1102063417-0d4c8e82/
425,https://auto.ru/cars/used/sale/volvo/xc70/1102150183-1a40bf3f/
426,https://auto.ru/cars/used/sale/volvo/xc70/1102132100-dd9fc36c/
427,https://auto.ru/cars/used/sale/volvo/xc70/1102032886-f2b31e12/
428,https://auto.ru/cars/used/sale/volvo/xc70/1102147921-1243454d/
429,https://auto.ru/cars/used/sale/volvo/xc70/1101560323-099854fb/
430,https://auto.ru/cars/used/sale/volvo/xc70/1101704664-2274a15f/
431,https://auto.ru/cars/used/sale/volvo/xc70/1102023638-1ff290d5/
432,https://auto.ru/cars/used/sale/volvo/xc70/1102103526-658d0e84/
433,https://auto.ru/cars/used/sale/volvo/xc70/1102083478-baf38f29/
434,https://auto.ru/cars/used/sale/volvo/xc70/1101957490-905d9b1c/
435,https://auto.ru/cars/used/sale/volvo/xc70/1101994580-5b4408bf/
436,https://auto.ru/cars/used/sale/volvo/xc70/1102065385-6f14cced/
437,https://auto.ru/cars/used/sale/volvo/xc70/1101893309-d663270b/
438,https://auto.ru/cars/used/sale/volvo/xc70/1101993856-0af147f1/
439,https://auto.ru/cars/used/sale/volvo/xc70/1102140802-3269d4c7/
440,https://auto.ru/cars/used/sale/volvo/xc70/1101972496-af1cc187/
441,https://auto.ru/cars/used/sale/volvo/xc70/1084074003-8865fbdd/
442,https://auto.ru/cars/used/sale/volvo/xc70/1101808709-68ae29ae/
443,https://auto.ru/cars/used/sale/volvo/xc70/1101922195-f3c780f9/
444,https://auto.ru/cars/used/sale/volvo/xc70/1101934085-bf2b4940/
445,https://auto.ru/cars/used/sale/volvo/xc70/1102004553-f19e3cd3/
446,https://auto.ru/cars/used/sale/volvo/xc70/1101922195-f3c780f9/
447,https://auto.ru/cars/used/sale/volvo/xc70/1101934085-bf2b4940/
448,https://auto.ru/cars/used/sale/volvo/xc70/1102004553-f19e3cd3/
449,https://auto.ru/cars/used/sale/volvo/xc70/1091793690-20b7d456/
450,https://auto.ru/cars/used/sale/volvo/xc70/1101889604-84df764d/
451,https://auto.ru/cars/used/sale/volvo/xc70/1101984698-ee5956ac/
452,https://auto.ru/cars/used/sale/volvo/xc70/1101492330-63328498/
453,https://auto.ru/cars/used/sale/volvo/xc70/1101866863-1205af76/
454,https://auto.ru/cars/used/sale/volvo/xc70/1101720768-f7c4f528/
455,https://auto.ru/cars/used/sale/volvo/xc70/1101858082-4ca78a6c/
456,https://auto.ru/cars/used/sale/volvo/xc70/1101774790-79af050b/
457,https://auto.ru/cars/used/sale/volvo/xc70/1101791790-997b7c79/
458,https://auto.ru/cars/used/sale/volvo/xc70/1101775283-0e981b9f/
459,https://auto.ru/cars/used/sale/volvo/xc70/1102075337-6bafc4f9/
460,https://auto.ru/cars/used/sale/volvo/xc70/1101804476-285c3b02/
461,https://auto.ru/cars/used/sale/volvo/xc70/1101644178-165ba00d/
462,https://auto.ru/cars/used/sale/volvo/xc70/1101861546-9e58f12f/
463,https://auto.ru/cars/used/sale/volvo/xc70/1100705010-f8836f5e/
464,https://auto.ru/cars/used/sale/volvo/xc70/1101764042-ab0b615d/
465,https://auto.ru/cars/used/sale/volvo/xc70/1101639848-3b920b44/
466,https://auto.ru/cars/used/sale/volvo/xc70/1101613909-be957ef8/
467,https://auto.ru/cars/used/sale/volvo/xc70/1101989158-2ae302e6/
468,https://auto.ru/cars/used/sale/volvo/xc70/1093901384-b1d445a7/
469,https://auto.ru/cars/used/sale/volvo/xc70/1101862492-2284c770/
470,https://auto.ru/cars/used/sale/volvo/xc70/1101532365-ed946c16/
471,https://auto.ru/cars/used/sale/volvo/xc70/1101464548-47197f61/
472,https://auto.ru/cars/used/sale/volvo/xc70/1102109519-426083b1/
473,https://auto.ru/cars/used/sale/volvo/xc70/1101803811-9673ad51/
474,https://auto.ru/cars/used/sale/volvo/xc70/1102085581-026ea7ab/
475,https://auto.ru/cars/used/sale/volvo/xc70/1101893140-44ef6a1b/
476,https://auto.ru/cars/used/sale/volvo/xc70/1053188230-9b41f/
477,https://auto.ru/cars/used/sale/volvo/xc70/1101962393-442e4b62/
478,https://auto.ru/cars/used/sale/volvo/xc70/1095315088-74e953c2/
479,https://auto.ru/cars/used/sale/volvo/xc70/1092475290-f8ad3c7f/
480,https://auto.ru/cars/used/sale/volvo/xc70/1101352228-e4376f7c/
481,https://auto.ru/cars/used/sale/volvo/xc70/1097887608-7778d2c1/
482,https://auto.ru/cars/used/sale/volvo/xc70/1102003835-16217559/
483,https://auto.ru/cars/used/sale/volvo/xc90/1102011025-a8ba68f9/
484,https://auto.ru/cars/used/sale/volvo/xc90/1102122915-213763c3/
485,https://auto.ru/cars/used/sale/volvo/xc90/1102040540-fe705b4f/
486,https://auto.ru/cars/used/sale/volvo/xc90/1102027994-c83f2624/
487,https://auto.ru/cars/used/sale/volvo/xc90/1101739821-2b4b7a00/
488,https://auto.ru/cars/used/sale/volvo/xc90/1101012157-00b835a9/
489,https://auto.ru/cars/used/sale/volvo/xc90/1101821336-583182b1/
490,https://auto.ru/cars/used/sale/volvo/xc90/1101785886-c75b5690/
491,https://auto.ru/cars/used/sale/volvo/xc90/1102074575-7f50e6ec/
492,https://auto.ru/cars/used/sale/volvo/xc90/1102115280-6c2742fc/
493,https://auto.ru/cars/used/sale/volvo/xc90/1101680315-43339db7/
494,https://auto.ru/cars/used/sale/volvo/xc90/1101996541-96ad0362/
495,https://auto.ru/cars/used/sale/volvo/xc90/1102005288-eb8abfeb/
496,https://auto.ru/cars/used/sale/volvo/xc90/1101876141-811d4aa0/
497,https://auto.ru/cars/used/sale/volvo/xc90/1102103179-95bb4f7f/
498,https://auto.ru/cars/used/sale/volvo/xc90/1102152350-02bae9b1/
499,https://auto.ru/cars/used/sale/volvo/xc90/1102162336-94860062/
500,https://auto.ru/cars/used/sale/volvo/xc90/1102009311-d396722a/
501,https://auto.ru/cars/used/sale/volvo/xc90/1101923277-663f5658/
502,https://auto.ru/cars/used/sale/volvo/xc90/1102146054-42df86be/
503,https://auto.ru/cars/used/sale/volvo/xc90/1102150743-e46c1264/
504,https://auto.ru/cars/used/sale/volvo/xc90/1101898148-ef6c62ff/
505,https://auto.ru/cars/used/sale/volvo/xc90/1102068739-92b4240a/
506,https://auto.ru/cars/used/sale/volvo/xc90/1102030453-b35946b1/
507,https://auto.ru/cars/used/sale/volvo/xc90/1102138681-65757d37/
508,https://auto.ru/cars/used/sale/volvo/xc90/1101898153-a2a57d64/
509,https://auto.ru/cars/used/sale/volvo/xc90/1101745161-408636cc/
510,https://auto.ru/cars/used/sale/volvo/xc90/1102057399-ab588776/
511,https://auto.ru/cars/used/sale/volvo/xc90/1102138966-d5790fee/
512,https://auto.ru/cars/used/sale/volvo/xc90/1102040955-8eb41bf8/
513,https://auto.ru/cars/used/sale/volvo/xc90/1101743639-d8a9a5ca/
514,https://auto.ru/cars/used/sale/volvo/xc90/1101696128-c762550a/
515,https://auto.ru/cars/used/sale/volvo/xc90/1102062358-c955c10a/
516,https://auto.ru/cars/used/sale/volvo/xc90/1102128340-45693442/
517,https://auto.ru/cars/used/sale/volvo/xc90/1102113610-75b4e2d6/
518,https://auto.ru/cars/used/sale/volvo/xc90/1102120216-52123d8d/
519,https://auto.ru/cars/used/sale/volvo/xc90/1102121604-1e469470/
520,https://auto.ru/cars/used/sale/volvo/xc90/1101475524-9625d4d6/
521,https://auto.ru/cars/used/sale/volvo/xc90/1101475524-9625d4d6/
522,https://auto.ru/cars/used/sale/volvo/xc90/1102127884-859fe00f/
523,https://auto.ru/cars/used/sale/volvo/xc90/1101050602-5419ccc9/
524,https://auto.ru/cars/used/sale/volvo/xc90/1101999705-8584e517/
525,https://auto.ru/cars/used/sale/volvo/xc90/1102104228-f3286648/
526,https://auto.ru/cars/used/sale/volvo/xc90/1102123729-4cfcede2/
527,https://auto.ru/cars/used/sale/volvo/xc90/1101811814-e17cb79c/
528,https://auto.ru/cars/used/sale/volvo/xc90/1102159314-ad0593af/
529,https://auto.ru/cars/used/sale/volvo/xc90/1102027991-c3cd4d3f/
530,https://auto.ru/cars/used/sale/volvo/xc90/1101623320-a9cf5581/
531,https://auto.ru/cars/used/sale/volvo/xc90/1102089846-ec699395/
532,https://auto.ru/cars/used/sale/volvo/xc90/1102108874-4e0fb19c/
533,https://auto.ru/cars/used/sale/volvo/xc90/1101311920-9f619c46/
534,https://auto.ru/cars/used/sale/volvo/xc90/1101498917-2fd78986/
535,https://auto.ru/cars/used/sale/volvo/xc90/1101871910-60465731/
536,https://auto.ru/cars/used/sale/volvo/xc90/1102087435-961f8f18/
537,https://auto.ru/cars/used/sale/volvo/xc90/1102081581-27bd1beb/
538,https://auto.ru/cars/used/sale/volvo/xc90/1102085098-e027ec9f/
539,https://auto.ru/cars/used/sale/volvo/xc90/1102025166-a98ff09b/
540,https://auto.ru/cars/used/sale/volvo/xc90/1101839935-3435b88c/
541,https://auto.ru/cars/used/sale/volvo/xc90/1102059780-e76ff86c/
542,https://auto.ru/cars/used/sale/volvo/xc90/1101983953-560c57ca/
543,https://auto.ru/cars/used/sale/volvo/xc90/1102033049-185dfed9/
544,https://auto.ru/cars/used/sale/volvo/xc90/1102152292-f10225bd/
545,https://auto.ru/cars/used/sale/volvo/xc90/1102149793-03494e3d/
546,https://auto.ru/cars/used/sale/volvo/xc90/1102027711-bef86090/
547,https://auto.ru/cars/used/sale/volvo/xc90/1102083921-b3485464/
548,https://auto.ru/cars/used/sale/volvo/xc90/1101754963-49964575/
549,https://auto.ru/cars/used/sale/volvo/xc90/1102114427-f855bcf9/
550,https://auto.ru/cars/used/sale/volvo/xc90/1101950786-75b62cd1/
551,https://auto.ru/cars/used/sale/volvo/xc90/1100732514-74f40ff9/
552,https://auto.ru/cars/used/sale/volvo/xc90/1101797525-f833859e/
553,https://auto.ru/cars/used/sale/volvo/xc90/1101235362-668e495b/
554,https://auto.ru/cars/used/sale/volvo/xc90/1102002308-61f69717/
555,https://auto.ru/cars/used/sale/volvo/xc90/1101799424-b79311c5/
556,https://auto.ru/cars/used/sale/volvo/xc90/1090331984-f6bfae65/
557,https://auto.ru/cars/used/sale/volvo/xc90/1100775300-05b973b1/
558,https://auto.ru/cars/used/sale/volvo/xc90/1101842723-009fedd8/
559,https://auto.ru/cars/used/sale/volvo/xc90/1101973446-bd679a52/
560,https://auto.ru/cars/used/sale/volvo/xc90/1101829294-17498f9c/
561,https://auto.ru/cars/used/sale/volvo/xc90/1101935155-eb044601/
562,https://auto.ru/cars/used/sale/volvo/xc90/1101907102-0450b85a/
563,https://auto.ru/cars/used/sale/volvo/xc90/1101999393-71d25d4a/
564,https://auto.ru/cars/used/sale/volvo/xc90/1101612674-7215f830/
565,https://auto.ru/cars/used/sale/volvo/xc90/1102132821-a70225ba/
566,https://auto.ru/cars/used/sale/volvo/xc90/1102143345-d4e6d15a/
567,https://auto.ru/cars/used/sale/volvo/xc90/1099629734-395d81e0/
568,https://auto.ru/cars/used/sale/volvo/xc90/1101965077-af10d1c6/
569,https://auto.ru/cars/used/sale/volvo/xc90/1102091745-0b650f31/
570,https://auto.ru/cars/used/sale/volvo/xc90/1101987609-b8c013c3/
571,https://auto.ru/cars/used/sale/volvo/xc90/1102076983-e8270ef3/
572,https://auto.ru/cars/used/sale/volvo/xc90/1102143115-dc8f3bbb/
573,https://auto.ru/cars/used/sale/volvo/xc90/1102002207-b48a9989/
574,https://auto.ru/cars/used/sale/volvo/xc90/1099760686-9e3b25b5/
575,https://auto.ru/cars/used/sale/volvo/xc90/1101954244-29a80d55/
576,https://auto.ru/cars/used/sale/volvo/xc90/1101706855-addd7537/
577,https://auto.ru/cars/used/sale/volvo/xc90/1102065155-566ace94/
578,https://auto.ru/cars/used/sale/volvo/xc90/1101172638-bde1a529/
579,https://auto.ru/cars/used/sale/volvo/xc90/1101894435-580fcd5f/
580,https://auto.ru/cars/used/sale/volvo/xc90/1016308261-78e87/
581,https://auto.ru/cars/used/sale/volvo/xc90/1101711277-c0761f28/
582,https://auto.ru/cars/used/sale/volvo/xc90/1102136341-1093d8ff/
583,https://auto.ru/cars/used/sale/volvo/xc90/1101790314-60eb1ec8/
584,https://auto.ru/cars/used/sale/volvo/xc90/1101297791-8756f9b8/
585,https://auto.ru/cars/used/sale/volvo/xc90/1102072209-c37fa2b6/
586,https://auto.ru/cars/used/sale/volvo/xc90/1101692637-12207d89/
587,https://auto.ru/cars/used/sale/volvo/xc90/1079594882-82a2304b/
588,https://auto.ru/cars/used/sale/volvo/xc90/1101871400-8c20bc39/
589,https://auto.ru/cars/used/sale/volvo/xc90/1083568049-a1330082/
590,https://auto.ru/cars/used/sale/volvo/xc90/1100413930-d0209d21/
591,https://auto.ru/cars/used/sale/volvo/xc90/1101946911-84cc8b06/
592,https://auto.ru/cars/used/sale/volvo/xc90/1101486177-2d29e750/
593,https://auto.ru/cars/used/sale/volvo/xc90/1052708054-2d79ba/
594,https://auto.ru/cars/used/sale/volvo/xc90/1100725136-1fa5e4aa/
595,https://auto.ru/cars/used/sale/volvo/xc90/1101951622-49c919b3/
596,https://auto.ru/cars/used/sale/volvo/xc90/1101636166-2d0f9e4b/
597,https://auto.ru/cars/used/sale/volvo/xc90/1101721803-70a3c524/
598,https://auto.ru/cars/used/sale/volvo/xc90/1101799456-bf9528f2/
599,https://auto.ru/cars/used/sale/volvo/xc90/1102072836-b0de6066/
600,https://auto.ru/cars/used/sale/volvo/xc90/1089914012-9534e481/
601,https://auto.ru/cars/used/sale/volvo/xc90/1101865104-de555c2d/
602,https://auto.ru/cars/used/sale/volvo/xc90/1101544011-1c0650e2/
603,https://auto.ru/cars/used/sale/volvo/xc90/1102130128-c1fa8d39/
604,https://auto.ru/cars/used/sale/volvo/xc90/1101808010-1de3becd/
605,https://auto.ru/cars/used/sale/volvo/xc90/1102124361-2ea4a11e/
606,https://auto.ru/cars/used/sale/volvo/xc90/1098393212-9621e872/
607,https://auto.ru/cars/used/sale/volvo/xc90/1101909674-f2ff3262/
608,https://auto.ru/cars/used/sale/volvo/xc90/1101823993-f3936f7c/
609,https://auto.ru/cars/used/sale/volvo/xc90/1099503968-d2b2eab4/
610,https://auto.ru/cars/used/sale/volvo/xc90/1090276898-89c8adaa/
611,https://auto.ru/cars/used/sale/volvo/xc90/1102132319-579e28ce/
612,https://auto.ru/cars/used/sale/volvo/xc90/1102107948-ff91d982/
613,https://auto.ru/cars/used/sale/volvo/xc90/1101792050-7453c1ab/
614,https://auto.ru/cars/used/sale/volvo/xc90/1099789838-930d2095/
615,https://auto.ru/cars/used/sale/volvo/xc90/1101984627-badbead2/
616,https://auto.ru/cars/used/sale/volvo/xc90/1101301319-a4c04cf5/
617,https://auto.ru/cars/used/sale/volvo/xc90/1091195150-cfa0abbf/
618,https://auto.ru/cars/used/sale/volvo/xc90/1101724104-0c20904d/
619,https://auto.ru/cars/used/sale/volvo/xc90/1098552874-690ebdba/
620,https://auto.ru/cars/used/sale/volvo/xc90/1099985430-6e8b5f17/
621,https://auto.ru/cars/used/sale/volvo/xc90/1101047318-779a1421/
622,https://auto.ru/cars/used/sale/volvo/xc90/1079323856-18f25068/
623,https://auto.ru/cars/used/sale/volvo/xc90/1098996668-f72ca03f/
624,https://auto.ru/cars/used/sale/volvo/xc90/1077389453-d84ba/
625,https://auto.ru/cars/used/sale/volvo/xc90/1101878936-52c20f77/
626,https://auto.ru/cars/used/sale/volvo/xc90/1096441078-c522e2dc/
627,https://auto.ru/cars/used/sale/volvo/xc90/1102045690-adee2705/
628,https://auto.ru/cars/used/sale/volvo/xc90/1101646634-32ad0f8b/
629,https://auto.ru/cars/used/sale/volvo/xc90/1101439345-6b8ef0e2/
630,https://auto.ru/cars/used/sale/volvo/xc90/1101908029-c91a5bc5/
631,https://auto.ru/cars/used/sale/volvo/xc90/1101831434-5e251ed7/
632,https://auto.ru/cars/used/sale/volvo/xc90/1054861372-97c48a/
633,https://auto.ru/cars/used/sale/volvo/xc90/1078162621-6ec694/
634,https://auto.ru/cars/used/sale/volvo/xc90/1101397087-c7df541a/
635,https://auto.ru/cars/used/sale/volvo/xc90/1093095436-8c42defa/
636,https://auto.ru/cars/used/sale/volvo/xc90/1101950350-9cbdc6f9/
637,https://auto.ru/cars/used/sale/volvo/xc90/1102091070-21c2fc15/
638,https://auto.ru/cars/used/sale/volvo/xc90/1091714804-46589bdc/
639,https://auto.ru/cars/used/sale/volvo/xc90/1102071029-bc305143/
640,https://auto.ru/cars/used/sale/volvo/xc90/1101815750-a6d1aea0/
641,https://auto.ru/cars/used/sale/volvo/xc90/1102129370-16e2e524/
642,https://auto.ru/cars/used/sale/volvo/xc90/1101912625-706e9959/
643,https://auto.ru/cars/used/sale/volvo/xc90/1101752873-52e1a6a2/
644,https://auto.ru/cars/used/sale/volvo/xc90/1100929168-0541bdc0/
645,https://auto.ru/cars/used/sale/volvo/xc90/1101381504-f75b2b9e/
646,https://auto.ru/cars/used/sale/volvo/xc90/1101510148-e8592845/
647,https://auto.ru/cars/used/sale/volvo/xc90/1093393554-5985bb3a/
648,https://auto.ru/cars/used/sale/volvo/xc90/1102115202-d34b6574/
649,https://auto.ru/cars/used/sale/volvo/xc90/1096303250-93002abc/
650,https://auto.ru/cars/used/sale/volvo/xc90/1101817226-ffc222e7/
651,https://auto.ru/cars/used/sale/volvo/xc90/1098930920-d2c3d88f/
652,https://auto.ru/cars/used/sale/volvo/xc90/1101813024-c3f7de13/
653,https://auto.ru/cars/used/sale/volvo/xc90/1099385340-0d6dd336/
654,https://auto.ru/cars/used/sale/volvo/xc90/1086781508-90cc3b1d/
655,https://auto.ru/cars/used/sale/volvo/xc90/1100799898-74b58cd2/
656,https://auto.ru/cars/used/sale/volvo/xc90/1101322833-e4b6cbc0/
657,https://auto.ru/cars/used/sale/volvo/xc90/1101821073-8148f1e2/
658,https://auto.ru/cars/used/sale/volvo/xc90/1102122915-213763c3/
659,https://auto.ru/cars/used/sale/volvo/xc90/1102135732-5705af9e/
660,https://auto.ru/cars/used/sale/volvo/xc90/1102040540-fe705b4f/
661,https://auto.ru/cars/used/sale/volvo/xc90/1102129589-d1397b03/
662,https://auto.ru/cars/used/sale/volvo/xc90/1102125312-1057d78b/
663,https://auto.ru/cars/used/sale/volvo/xc90/1102156871-fd6de111/
664,https://auto.ru/cars/used/sale/volvo/xc90/1102059157-aef3c4ac/
665,https://auto.ru/cars/used/sale/volvo/xc90/1088794652-c0f6843a/
666,https://auto.ru/cars/used/sale/volvo/xc90/1083887705-5aaaab9b/
667,https://auto.ru/cars/used/sale/volvo/xc90/1092586916-2083cc0b/
668,https://auto.ru/cars/used/sale/volvo/xc90/1089941058-20a2b92f/
